"id","grupo","comprension_pre","comprension_post","comprension_seguimiento"
"E003","Control",44,64,45
"E004","Intervención",42,60,48
"E009","Intervención",50,66,60
"E013","Intervención",57,70,66
"E015","Control",53,56,57
"E016","Intervención",62,65,NA
"E020","Control",61,61,61
"E021","Intervención",63,81,68
"E022","Intervención",80,80,86
"E024","Control",60,61,64
"E029","Control",40,41,40
"E036","Intervención",50,55,54
"E038","Intervención",35,44,43
"E040","Intervención",55,59,57
"E042","Control",56,60,53
"E043","Intervención",48,49,45
"E044","Intervención",53,58,NA
"E046","Control",38,47,47
"E048","Intervención",75,74,71
"E050","Intervención",67,79,77
"E053","Control",43,52,49
"E054","Control",49,41,42
"E058","Control",70,63,64
"E061","Intervención",45,52,45
"E064","Intervención",56,55,63
"E066","Control",49,52,55
"E071","Control",40,41,31
"E072","Intervención",59,66,69
"E079","Intervención",34,50,47
"E084","Control",60,59,64
"E095","Intervención",52,57,68
"E096","Intervención",37,44,47
"E100","Intervención",38,51,51
"E101","Control",64,54,64
"E102","Intervención",54,56,69
"E103","Intervención",48,53,57
"E104","Control",47,46,50
"E109","Intervención",45,51,58
"E114","Intervención",60,63,63
"E115","Control",56,53,57
"E116","Control",44,49,50
"E118","Control",40,42,49
"E121","Intervención",57,69,68
"E122","Control",56,57,49
"E125","Intervención",55,69,64
"E126","Control",63,69,62
"E127","Intervención",42,53,48
"E129","Control",80,68,74
"E131","Intervención",32,34,30
"E134","Control",68,61,61
"E136","Control",51,68,50
"E137","Control",36,36,36
"E140","Intervención",56,65,59
"E142","Intervención",62,67,69
"E145","Control",62,55,50
"E147","Intervención",32,52,NA
"E150","Control",48,43,60
"E152","Control",48,48,45
"E157","Intervención",45,46,53
"E160","Control",68,73,77
"E163","Control",46,54,51
"E164","Control",31,38,45
"E165","Control",59,55,53
"E167","Control",41,43,37
"E168","Intervención",49,62,61
"E173","Intervención",44,53,51
"E175","Intervención",56,68,52
"E183","Control",47,49,57
"E186","Intervención",51,63,51
"E188","Control",47,49,42
"E191","Intervención",49,60,NA
"E200","Control",71,66,70
"E201","Control",58,59,64
"E205","Intervención",55,68,58
"E207","Control",63,68,65
"E212","Control",42,47,42
"E213","Control",44,47,52
"E214","Control",44,40,45
"E217","Control",57,67,74
"E220","Intervención",33,42,42
"E221","Control",62,61,60
"E225","Intervención",66,82,83
"E226","Intervención",59,67,68
"E228","Control",18,29,32
"E233","Intervención",51,60,60
"E234","Intervención",44,44,NA
"E238","Control",59,56,59
"E239","Control",60,66,66
"E249","Control",61,60,75
"E252","Intervención",40,51,40
"E253","Intervención",70,64,77
"E256","Control",26,27,18
"E261","Intervención",61,63,67
"E264","Intervención",40,48,42
"E267","Intervención",43,59,57
"E272","Intervención",52,51,54
"E273","Control",47,47,39
"E274","Intervención",53,52,68
"E287","Control",63,62,64
"E288","Control",37,35,40
"E289","Control",38,40,46
"E291","Control",36,48,49
"E299","Control",57,62,60
"E300","Intervención",42,38,45
"E308","Intervención",44,48,49
"E310","Intervención",51,60,54
"E313","Intervención",56,63,50
"E315","Intervención",52,55,55
"E317","Intervención",62,73,75
